feature,mean_abs_shap
contract,0.7635061
tenure,0.41352034
internet_service,0.33902383
payment_method,0.18810308
avg_monthly_spend,0.18051457
total_charges,0.14433925
paperless_billing,0.13959527
monthly_charges,0.12692049
spend_vs_base_ratio,0.114529915
online_security,0.10810948
streaming_movies,0.09659613
charge_per_service,0.09187992
multiple_lines,0.0885297
tech_support,0.08596574
streaming_tv,0.07808644
dependents,0.051713657
phone_service,0.04806111
senior_citizen,0.045913264
online_backup,0.034670494
tenure_bucket,0.033832714
num_addon_services,0.019803418
gender,0.019572387
partner,0.009106249
device_protection,0.006558134
has_family,0.004949299
is_autopay,0.003739755
