feature,mean_abs_shap
contract,0.73776853
tenure,0.44786516
internet_service,0.3008358
payment_method,0.18912958
avg_monthly_spend,0.17796691
monthly_charges,0.1444544
paperless_billing,0.13600498
total_charges,0.12876518
charge_per_service,0.11617972
spend_vs_base_ratio,0.10776779
online_security,0.106056705
multiple_lines,0.08926323
streaming_movies,0.08794279
tech_support,0.078114346
streaming_tv,0.07438127
dependents,0.05285191
senior_citizen,0.048919156
phone_service,0.044620294
online_backup,0.036330555
num_addon_services,0.025097348
gender,0.023604982
tenure_bucket,0.017757468
partner,0.016041612
device_protection,0.01602205
is_autopay,0.0046353536
has_family,0.0033705782
